Size,Liner,Price,Note
"48W-100H inches","No Liner",302,ONE-WAY ONLY
"48W-100H inches","Light Filtering",360,ONE-WAY ONLY
"48W-100H inches","100% Blackout",384,ONE-WAY ONLY
"72W-100H inches","No Liner",459,
"72W-100H inches","Light Filtering",540,
"72W-100H inches","100% Blackout",578,
"96W-100H inches","No Liner",582,
"96W-100H inches","Light Filtering",693,
"96W-100H inches","100% Blackout",741,
"120W-100H inches","No Liner",683,
"120W-100H inches","Light Filtering",821,
"120W-100H inches","100% Blackout",878,
"144W-100H inches","No Liner",784,
"144W-100H inches","Light Filtering",952,
"144W-100H inches","100% Blackout",1019,
"168W-100H inches","No Liner",885,
"168W-100H inches","Light Filtering",1080,
"168W-100H inches","100% Blackout",1156,
"196W-100H inches","No Liner",1294,
"196W-100H inches","Light Filtering",1562,
"196W-100H inches","100% Blackout",1669,
"48W-140H inches","No Liner",414,ONE-WAY ONLY
"48W-140H inches","Light Filtering",488,ONE-WAY ONLY
"48W-140H inches","100% Blackout",522,ONE-WAY ONLY
"72W-140H inches","No Liner",683,
"72W-140H inches","Light Filtering",790,
"72W-140H inches","100% Blackout",843,
"96W-140H inches","No Liner",829,
"96W-140H inches","Light Filtering",977,
"96W-140H inches","100% Blackout",1045,
"120W-140H inches","No Liner",974,
"120W-140H inches","Light Filtering",1160,
"120W-140H inches","100% Blackout",1241,
"144W-140H inches","No Liner",1142,
"144W-140H inches","Light Filtering",1370,
"144W-140H inches","100% Blackout",1464,
"168W-140H inches","No Liner",1288,
"168W-140H inches","Light Filtering",1557,
"168W-140H inches","100% Blackout",1665,
"196W-140H inches","No Liner",1910,
"196W-140H inches","Light Filtering",2286,
"196W-140H inches","100% Blackout",2439,
