listing_id,fabric,pleat,size_label,liner,site_price,etsy_price,note
825450511,"Designer Spot Linen","3-Fold Pinch","48W-100H inches","No Liner",270,302,ONE-WAY ONLY
825450511,"Designer Spot Linen","3-Fold Pinch","48W-100H inches","Light Filtering",321,360,ONE-WAY ONLY
825450511,"Designer Spot Linen","3-Fold Pinch","48W-100H inches","100% Blackout",343,384,ONE-WAY ONLY
825450511,"Designer Spot Linen","3-Fold Pinch","72W-100H inches","No Liner",410,459,
825450511,"Designer Spot Linen","3-Fold Pinch","72W-100H inches","Light Filtering",482,540,
825450511,"Designer Spot Linen","3-Fold Pinch","72W-100H inches","100% Blackout",516,578,
825450511,"Designer Spot Linen","3-Fold Pinch","96W-100H inches","No Liner",520,582,
825450511,"Designer Spot Linen","3-Fold Pinch","96W-100H inches","Light Filtering",619,693,
825450511,"Designer Spot Linen","3-Fold Pinch","96W-100H inches","100% Blackout",662,741,
825450511,"Designer Spot Linen","3-Fold Pinch","120W-100H inches","No Liner",610,683,
825450511,"Designer Spot Linen","3-Fold Pinch","120W-100H inches","Light Filtering",733,821,
825450511,"Designer Spot Linen","3-Fold Pinch","120W-100H inches","100% Blackout",784,878,
825450511,"Designer Spot Linen","3-Fold Pinch","144W-100H inches","No Liner",700,784,
825450511,"Designer Spot Linen","3-Fold Pinch","144W-100H inches","Light Filtering",850,952,
825450511,"Designer Spot Linen","3-Fold Pinch","144W-100H inches","100% Blackout",910,1019,
825450511,"Designer Spot Linen","3-Fold Pinch","168W-100H inches","No Liner",790,885,
825450511,"Designer Spot Linen","3-Fold Pinch","168W-100H inches","Light Filtering",964,1080,
825450511,"Designer Spot Linen","3-Fold Pinch","168W-100H inches","100% Blackout",1032,1156,
825450511,"Designer Spot Linen","3-Fold Pinch","196W-100H inches","No Liner",1155,1294,
825450511,"Designer Spot Linen","3-Fold Pinch","196W-100H inches","Light Filtering",1395,1562,
825450511,"Designer Spot Linen","3-Fold Pinch","196W-100H inches","100% Blackout",1490,1669,
825450511,"Designer Spot Linen","3-Fold Pinch","48W-140H inches","No Liner",370,414,ONE-WAY ONLY
825450511,"Designer Spot Linen","3-Fold Pinch","48W-140H inches","Light Filtering",436,488,ONE-WAY ONLY
825450511,"Designer Spot Linen","3-Fold Pinch","48W-140H inches","100% Blackout",466,522,ONE-WAY ONLY
825450511,"Designer Spot Linen","3-Fold Pinch","72W-140H inches","No Liner",610,683,
825450511,"Designer Spot Linen","3-Fold Pinch","72W-140H inches","Light Filtering",705,790,
825450511,"Designer Spot Linen","3-Fold Pinch","72W-140H inches","100% Blackout",753,843,
825450511,"Designer Spot Linen","3-Fold Pinch","96W-140H inches","No Liner",740,829,
825450511,"Designer Spot Linen","3-Fold Pinch","96W-140H inches","Light Filtering",872,977,
825450511,"Designer Spot Linen","3-Fold Pinch","96W-140H inches","100% Blackout",933,1045,
825450511,"Designer Spot Linen","3-Fold Pinch","120W-140H inches","No Liner",870,974,
825450511,"Designer Spot Linen","3-Fold Pinch","120W-140H inches","Light Filtering",1036,1160,
825450511,"Designer Spot Linen","3-Fold Pinch","120W-140H inches","100% Blackout",1108,1241,
825450511,"Designer Spot Linen","3-Fold Pinch","144W-140H inches","No Liner",1020,1142,
825450511,"Designer Spot Linen","3-Fold Pinch","144W-140H inches","Light Filtering",1223,1370,
825450511,"Designer Spot Linen","3-Fold Pinch","144W-140H inches","100% Blackout",1307,1464,
825450511,"Designer Spot Linen","3-Fold Pinch","168W-140H inches","No Liner",1150,1288,
825450511,"Designer Spot Linen","3-Fold Pinch","168W-140H inches","Light Filtering",1390,1557,
825450511,"Designer Spot Linen","3-Fold Pinch","168W-140H inches","100% Blackout",1487,1665,
825450511,"Designer Spot Linen","3-Fold Pinch","196W-140H inches","No Liner",1705,1910,
825450511,"Designer Spot Linen","3-Fold Pinch","196W-140H inches","Light Filtering",2041,2286,
825450511,"Designer Spot Linen","3-Fold Pinch","196W-140H inches","100% Blackout",2178,2439,
825450511,"Designer Spot Linen","2-Fold Pinch","48W-100H inches","No Liner",270,302,ONE-WAY ONLY
825450511,"Designer Spot Linen","2-Fold Pinch","48W-100H inches","Light Filtering",321,360,ONE-WAY ONLY
825450511,"Designer Spot Linen","2-Fold Pinch","48W-100H inches","100% Blackout",343,384,ONE-WAY ONLY
825450511,"Designer Spot Linen","2-Fold Pinch","72W-100H inches","No Liner",305,342,ONE-WAY ONLY
825450511,"Designer Spot Linen","2-Fold Pinch","72W-100H inches","Light Filtering",368,412,ONE-WAY ONLY
825450511,"Designer Spot Linen","2-Fold Pinch","72W-100H inches","100% Blackout",394,441,ONE-WAY ONLY
825450511,"Designer Spot Linen","2-Fold Pinch","96W-100H inches","No Liner",520,582,
825450511,"Designer Spot Linen","2-Fold Pinch","96W-100H inches","Light Filtering",619,693,
825450511,"Designer Spot Linen","2-Fold Pinch","96W-100H inches","100% Blackout",662,741,
825450511,"Designer Spot Linen","2-Fold Pinch","120W-100H inches","No Liner",610,683,
825450511,"Designer Spot Linen","2-Fold Pinch","120W-100H inches","Light Filtering",733,821,
825450511,"Designer Spot Linen","2-Fold Pinch","120W-100H inches","100% Blackout",784,878,
825450511,"Designer Spot Linen","2-Fold Pinch","144W-100H inches","No Liner",610,683,
825450511,"Designer Spot Linen","2-Fold Pinch","144W-100H inches","Light Filtering",733,821,
825450511,"Designer Spot Linen","2-Fold Pinch","144W-100H inches","100% Blackout",784,878,
825450511,"Designer Spot Linen","2-Fold Pinch","168W-100H inches","No Liner",700,784,
825450511,"Designer Spot Linen","2-Fold Pinch","168W-100H inches","Light Filtering",850,952,
825450511,"Designer Spot Linen","2-Fold Pinch","168W-100H inches","100% Blackout",910,1019,
825450511,"Designer Spot Linen","2-Fold Pinch","196W-100H inches","No Liner",1030,1154,
825450511,"Designer Spot Linen","2-Fold Pinch","196W-100H inches","Light Filtering",1078,1207,
825450511,"Designer Spot Linen","2-Fold Pinch","196W-100H inches","100% Blackout",1154,1292,
825450511,"Designer Spot Linen","2-Fold Pinch","48W-140H inches","No Liner",370,414,ONE-WAY ONLY
825450511,"Designer Spot Linen","2-Fold Pinch","48W-140H inches","Light Filtering",436,488,ONE-WAY ONLY
825450511,"Designer Spot Linen","2-Fold Pinch","48W-140H inches","100% Blackout",466,522,ONE-WAY ONLY
825450511,"Designer Spot Linen","2-Fold Pinch","72W-140H inches","No Liner",435,487,ONE-WAY ONLY
825450511,"Designer Spot Linen","2-Fold Pinch","72W-140H inches","Light Filtering",518,580,ONE-WAY ONLY
825450511,"Designer Spot Linen","2-Fold Pinch","72W-140H inches","100% Blackout",554,620,ONE-WAY ONLY
825450511,"Designer Spot Linen","2-Fold Pinch","96W-140H inches","No Liner",740,829,
825450511,"Designer Spot Linen","2-Fold Pinch","96W-140H inches","Light Filtering",872,977,
825450511,"Designer Spot Linen","2-Fold Pinch","96W-140H inches","100% Blackout",933,1045,
825450511,"Designer Spot Linen","2-Fold Pinch","120W-140H inches","No Liner",870,974,
825450511,"Designer Spot Linen","2-Fold Pinch","120W-140H inches","Light Filtering",1036,1160,
825450511,"Designer Spot Linen","2-Fold Pinch","120W-140H inches","100% Blackout",1108,1241,
825450511,"Designer Spot Linen","2-Fold Pinch","144W-140H inches","No Liner",870,974,
825450511,"Designer Spot Linen","2-Fold Pinch","144W-140H inches","Light Filtering",1036,1160,
825450511,"Designer Spot Linen","2-Fold Pinch","144W-140H inches","100% Blackout",1108,1241,
825450511,"Designer Spot Linen","2-Fold Pinch","168W-140H inches","No Liner",1020,1142,
825450511,"Designer Spot Linen","2-Fold Pinch","168W-140H inches","Light Filtering",1223,1370,
825450511,"Designer Spot Linen","2-Fold Pinch","168W-140H inches","100% Blackout",1307,1464,
825450511,"Designer Spot Linen","2-Fold Pinch","196W-140H inches","No Liner",1530,1714,
825450511,"Designer Spot Linen","2-Fold Pinch","196W-140H inches","Light Filtering",1554,1740,
825450511,"Designer Spot Linen","2-Fold Pinch","196W-140H inches","100% Blackout",1662,1861,
825450511,"Designer Spot Linen","3-Fold Tailored","48W-100H inches","No Liner",270,302,ONE-WAY ONLY
825450511,"Designer Spot Linen","3-Fold Tailored","48W-100H inches","Light Filtering",321,360,ONE-WAY ONLY
825450511,"Designer Spot Linen","3-Fold Tailored","48W-100H inches","100% Blackout",343,384,ONE-WAY ONLY
825450511,"Designer Spot Linen","3-Fold Tailored","72W-100H inches","No Liner",410,459,
825450511,"Designer Spot Linen","3-Fold Tailored","72W-100H inches","Light Filtering",482,540,
825450511,"Designer Spot Linen","3-Fold Tailored","72W-100H inches","100% Blackout",516,578,
825450511,"Designer Spot Linen","3-Fold Tailored","96W-100H inches","No Liner",520,582,
825450511,"Designer Spot Linen","3-Fold Tailored","96W-100H inches","Light Filtering",619,693,
825450511,"Designer Spot Linen","3-Fold Tailored","96W-100H inches","100% Blackout",662,741,
825450511,"Designer Spot Linen","3-Fold Tailored","120W-100H inches","No Liner",610,683,
825450511,"Designer Spot Linen","3-Fold Tailored","120W-100H inches","Light Filtering",733,821,
825450511,"Designer Spot Linen","3-Fold Tailored","120W-100H inches","100% Blackout",784,878,
825450511,"Designer Spot Linen","3-Fold Tailored","144W-100H inches","No Liner",700,784,
825450511,"Designer Spot Linen","3-Fold Tailored","144W-100H inches","Light Filtering",850,952,
825450511,"Designer Spot Linen","3-Fold Tailored","144W-100H inches","100% Blackout",910,1019,
825450511,"Designer Spot Linen","3-Fold Tailored","168W-100H inches","No Liner",790,885,
825450511,"Designer Spot Linen","3-Fold Tailored","168W-100H inches","Light Filtering",964,1080,
825450511,"Designer Spot Linen","3-Fold Tailored","168W-100H inches","100% Blackout",1032,1156,
825450511,"Designer Spot Linen","3-Fold Tailored","196W-100H inches","No Liner",1155,1294,
825450511,"Designer Spot Linen","3-Fold Tailored","196W-100H inches","Light Filtering",1395,1562,
825450511,"Designer Spot Linen","3-Fold Tailored","196W-100H inches","100% Blackout",1490,1669,
825450511,"Designer Spot Linen","3-Fold Tailored","48W-140H inches","No Liner",370,414,ONE-WAY ONLY
825450511,"Designer Spot Linen","3-Fold Tailored","48W-140H inches","Light Filtering",436,488,ONE-WAY ONLY
825450511,"Designer Spot Linen","3-Fold Tailored","48W-140H inches","100% Blackout",466,522,ONE-WAY ONLY
825450511,"Designer Spot Linen","3-Fold Tailored","72W-140H inches","No Liner",610,683,
825450511,"Designer Spot Linen","3-Fold Tailored","72W-140H inches","Light Filtering",705,790,
825450511,"Designer Spot Linen","3-Fold Tailored","72W-140H inches","100% Blackout",753,843,
825450511,"Designer Spot Linen","3-Fold Tailored","96W-140H inches","No Liner",740,829,
825450511,"Designer Spot Linen","3-Fold Tailored","96W-140H inches","Light Filtering",872,977,
825450511,"Designer Spot Linen","3-Fold Tailored","96W-140H inches","100% Blackout",933,1045,
825450511,"Designer Spot Linen","3-Fold Tailored","120W-140H inches","No Liner",870,974,
825450511,"Designer Spot Linen","3-Fold Tailored","120W-140H inches","Light Filtering",1036,1160,
825450511,"Designer Spot Linen","3-Fold Tailored","120W-140H inches","100% Blackout",1108,1241,
825450511,"Designer Spot Linen","3-Fold Tailored","144W-140H inches","No Liner",1020,1142,
825450511,"Designer Spot Linen","3-Fold Tailored","144W-140H inches","Light Filtering",1223,1370,
825450511,"Designer Spot Linen","3-Fold Tailored","144W-140H inches","100% Blackout",1307,1464,
825450511,"Designer Spot Linen","3-Fold Tailored","168W-140H inches","No Liner",1150,1288,
825450511,"Designer Spot Linen","3-Fold Tailored","168W-140H inches","Light Filtering",1390,1557,
825450511,"Designer Spot Linen","3-Fold Tailored","168W-140H inches","100% Blackout",1487,1665,
825450511,"Designer Spot Linen","3-Fold Tailored","196W-140H inches","No Liner",1705,1910,
825450511,"Designer Spot Linen","3-Fold Tailored","196W-140H inches","Light Filtering",2041,2286,
825450511,"Designer Spot Linen","3-Fold Tailored","196W-140H inches","100% Blackout",2178,2439,
825450511,"Designer Spot Linen","2-Fold Tailored","48W-100H inches","No Liner",270,302,ONE-WAY ONLY
825450511,"Designer Spot Linen","2-Fold Tailored","48W-100H inches","Light Filtering",321,360,ONE-WAY ONLY
825450511,"Designer Spot Linen","2-Fold Tailored","48W-100H inches","100% Blackout",343,384,ONE-WAY ONLY
825450511,"Designer Spot Linen","2-Fold Tailored","72W-100H inches","No Liner",305,342,ONE-WAY ONLY
825450511,"Designer Spot Linen","2-Fold Tailored","72W-100H inches","Light Filtering",368,412,ONE-WAY ONLY
825450511,"Designer Spot Linen","2-Fold Tailored","72W-100H inches","100% Blackout",394,441,ONE-WAY ONLY
825450511,"Designer Spot Linen","2-Fold Tailored","96W-100H inches","No Liner",520,582,
825450511,"Designer Spot Linen","2-Fold Tailored","96W-100H inches","Light Filtering",619,693,
825450511,"Designer Spot Linen","2-Fold Tailored","96W-100H inches","100% Blackout",662,741,
825450511,"Designer Spot Linen","2-Fold Tailored","120W-100H inches","No Liner",610,683,
825450511,"Designer Spot Linen","2-Fold Tailored","120W-100H inches","Light Filtering",733,821,
825450511,"Designer Spot Linen","2-Fold Tailored","120W-100H inches","100% Blackout",784,878,
825450511,"Designer Spot Linen","2-Fold Tailored","144W-100H inches","No Liner",610,683,
825450511,"Designer Spot Linen","2-Fold Tailored","144W-100H inches","Light Filtering",733,821,
825450511,"Designer Spot Linen","2-Fold Tailored","144W-100H inches","100% Blackout",784,878,
825450511,"Designer Spot Linen","2-Fold Tailored","168W-100H inches","No Liner",700,784,
825450511,"Designer Spot Linen","2-Fold Tailored","168W-100H inches","Light Filtering",850,952,
825450511,"Designer Spot Linen","2-Fold Tailored","168W-100H inches","100% Blackout",910,1019,
825450511,"Designer Spot Linen","2-Fold Tailored","196W-100H inches","No Liner",1030,1154,
825450511,"Designer Spot Linen","2-Fold Tailored","196W-100H inches","Light Filtering",1078,1207,
825450511,"Designer Spot Linen","2-Fold Tailored","196W-100H inches","100% Blackout",1154,1292,
825450511,"Designer Spot Linen","2-Fold Tailored","48W-140H inches","No Liner",370,414,ONE-WAY ONLY
825450511,"Designer Spot Linen","2-Fold Tailored","48W-140H inches","Light Filtering",436,488,ONE-WAY ONLY
825450511,"Designer Spot Linen","2-Fold Tailored","48W-140H inches","100% Blackout",466,522,ONE-WAY ONLY
825450511,"Designer Spot Linen","2-Fold Tailored","72W-140H inches","No Liner",435,487,ONE-WAY ONLY
825450511,"Designer Spot Linen","2-Fold Tailored","72W-140H inches","Light Filtering",518,580,ONE-WAY ONLY
825450511,"Designer Spot Linen","2-Fold Tailored","72W-140H inches","100% Blackout",554,620,ONE-WAY ONLY
825450511,"Designer Spot Linen","2-Fold Tailored","96W-140H inches","No Liner",740,829,
825450511,"Designer Spot Linen","2-Fold Tailored","96W-140H inches","Light Filtering",872,977,
825450511,"Designer Spot Linen","2-Fold Tailored","96W-140H inches","100% Blackout",933,1045,
825450511,"Designer Spot Linen","2-Fold Tailored","120W-140H inches","No Liner",870,974,
825450511,"Designer Spot Linen","2-Fold Tailored","120W-140H inches","Light Filtering",1036,1160,
825450511,"Designer Spot Linen","2-Fold Tailored","120W-140H inches","100% Blackout",1108,1241,
825450511,"Designer Spot Linen","2-Fold Tailored","144W-140H inches","No Liner",870,974,
825450511,"Designer Spot Linen","2-Fold Tailored","144W-140H inches","Light Filtering",1036,1160,
825450511,"Designer Spot Linen","2-Fold Tailored","144W-140H inches","100% Blackout",1108,1241,
825450511,"Designer Spot Linen","2-Fold Tailored","168W-140H inches","No Liner",1020,1142,
825450511,"Designer Spot Linen","2-Fold Tailored","168W-140H inches","Light Filtering",1223,1370,
825450511,"Designer Spot Linen","2-Fold Tailored","168W-140H inches","100% Blackout",1307,1464,
825450511,"Designer Spot Linen","2-Fold Tailored","196W-140H inches","No Liner",1530,1714,
825450511,"Designer Spot Linen","2-Fold Tailored","196W-140H inches","Light Filtering",1554,1740,
825450511,"Designer Spot Linen","2-Fold Tailored","196W-140H inches","100% Blackout",1662,1861,
1373594998,"Lamar (Linen Look Sheer Drapery)","3-Fold Pinch","36W-100H inches","—",170,190,ONE-WAY ONLY
1373594998,"Lamar (Linen Look Sheer Drapery)","3-Fold Pinch","48W-100H inches","—",213,239,ONE-WAY ONLY
1373594998,"Lamar (Linen Look Sheer Drapery)","3-Fold Pinch","60W-100H inches","—",254,284,
1373594998,"Lamar (Linen Look Sheer Drapery)","3-Fold Pinch","72W-100H inches","—",325,364,
1373594998,"Lamar (Linen Look Sheer Drapery)","3-Fold Pinch","84W-100H inches","—",340,381,
1373594998,"Lamar (Linen Look Sheer Drapery)","3-Fold Pinch","96W-100H inches","—",411,460,
1373594998,"Lamar (Linen Look Sheer Drapery)","3-Fold Pinch","108W-100H inches","—",452,506,
1373594998,"Lamar (Linen Look Sheer Drapery)","3-Fold Pinch","120W-100H inches","—",508,569,
1373594998,"Lamar (Linen Look Sheer Drapery)","3-Fold Pinch","132W-100H inches","—",538,603,
1373594998,"Lamar (Linen Look Sheer Drapery)","3-Fold Pinch","144W-100H inches","—",579,648,
1373594998,"Lamar (Linen Look Sheer Drapery)","3-Fold Pinch","156W-100H inches","—",780,874,
1373594998,"Lamar (Linen Look Sheer Drapery)","3-Fold Pinch","168W-100H inches","—",795,890,
1373594998,"Lamar (Linen Look Sheer Drapery)","3-Fold Pinch","36W-140H inches","—",243,272,ONE-WAY ONLY
1373594998,"Lamar (Linen Look Sheer Drapery)","3-Fold Pinch","48W-140H inches","—",295,330,ONE-WAY ONLY
1373594998,"Lamar (Linen Look Sheer Drapery)","3-Fold Pinch","60W-140H inches","—",368,412,
1373594998,"Lamar (Linen Look Sheer Drapery)","3-Fold Pinch","72W-140H inches","—",487,545,
1373594998,"Lamar (Linen Look Sheer Drapery)","3-Fold Pinch","84W-140H inches","—",487,545,
1373594998,"Lamar (Linen Look Sheer Drapery)","3-Fold Pinch","96W-140H inches","—",590,661,
1373594998,"Lamar (Linen Look Sheer Drapery)","3-Fold Pinch","108W-140H inches","—",590,661,
1373594998,"Lamar (Linen Look Sheer Drapery)","3-Fold Pinch","120W-140H inches","—",737,825,
1373594998,"Lamar (Linen Look Sheer Drapery)","3-Fold Pinch","132W-140H inches","—",737,825,
1373594998,"Lamar (Linen Look Sheer Drapery)","3-Fold Pinch","144W-140H inches","—",855,958,
1373594998,"Lamar (Linen Look Sheer Drapery)","3-Fold Pinch","156W-140H inches","—",855,958,
1373594998,"Lamar (Linen Look Sheer Drapery)","3-Fold Pinch","168W-140H inches","—",1175,1316,
1373594998,"Lamar (Linen Look Sheer Drapery)","2-Fold Pinch","36W-100H inches","—",142,159,ONE-WAY ONLY
1373594998,"Lamar (Linen Look Sheer Drapery)","2-Fold Pinch","48W-100H inches","—",198,222,ONE-WAY ONLY
1373594998,"Lamar (Linen Look Sheer Drapery)","2-Fold Pinch","60W-100H inches","—",226,253,ONE-WAY ONLY
1373594998,"Lamar (Linen Look Sheer Drapery)","2-Fold Pinch","72W-100H inches","—",269,301,
1373594998,"Lamar (Linen Look Sheer Drapery)","2-Fold Pinch","84W-100H inches","—",325,364,
1373594998,"Lamar (Linen Look Sheer Drapery)","2-Fold Pinch","96W-100H inches","—",381,427,
1373594998,"Lamar (Linen Look Sheer Drapery)","2-Fold Pinch","108W-100H inches","—",396,444,
1373594998,"Lamar (Linen Look Sheer Drapery)","2-Fold Pinch","120W-100H inches","—",452,506,
1373594998,"Lamar (Linen Look Sheer Drapery)","2-Fold Pinch","132W-100H inches","—",467,523,
1373594998,"Lamar (Linen Look Sheer Drapery)","2-Fold Pinch","144W-100H inches","—",523,586,
1373594998,"Lamar (Linen Look Sheer Drapery)","2-Fold Pinch","156W-100H inches","—",553,619,
1373594998,"Lamar (Linen Look Sheer Drapery)","2-Fold Pinch","168W-100H inches","—",594,665,
1373594998,"Lamar (Linen Look Sheer Drapery)","2-Fold Pinch","36W-140H inches","—",192,215,ONE-WAY ONLY
1373594998,"Lamar (Linen Look Sheer Drapery)","2-Fold Pinch","48W-140H inches","—",243,272,ONE-WAY ONLY
1373594998,"Lamar (Linen Look Sheer Drapery)","2-Fold Pinch","60W-140H inches","—",295,330,ONE-WAY ONLY
1373594998,"Lamar (Linen Look Sheer Drapery)","2-Fold Pinch","72W-140H inches","—",368,412,
1373594998,"Lamar (Linen Look Sheer Drapery)","2-Fold Pinch","84W-140H inches","—",487,545,
1373594998,"Lamar (Linen Look Sheer Drapery)","2-Fold Pinch","96W-140H inches","—",487,545,
1373594998,"Lamar (Linen Look Sheer Drapery)","2-Fold Pinch","108W-140H inches","—",590,661,
1373594998,"Lamar (Linen Look Sheer Drapery)","2-Fold Pinch","120W-140H inches","—",590,661,
1373594998,"Lamar (Linen Look Sheer Drapery)","2-Fold Pinch","132W-140H inches","—",737,825,
1373594998,"Lamar (Linen Look Sheer Drapery)","2-Fold Pinch","144W-140H inches","—",737,825,
1373594998,"Lamar (Linen Look Sheer Drapery)","2-Fold Pinch","156W-140H inches","—",855,958,
1373594998,"Lamar (Linen Look Sheer Drapery)","2-Fold Pinch","168W-140H inches","—",855,958,
1373594998,"Lamar (Linen Look Sheer Drapery)","3-Fold Tailored","36W-100H inches","—",170,190,ONE-WAY ONLY
1373594998,"Lamar (Linen Look Sheer Drapery)","3-Fold Tailored","48W-100H inches","—",213,239,ONE-WAY ONLY
1373594998,"Lamar (Linen Look Sheer Drapery)","3-Fold Tailored","60W-100H inches","—",254,284,
1373594998,"Lamar (Linen Look Sheer Drapery)","3-Fold Tailored","72W-100H inches","—",325,364,
1373594998,"Lamar (Linen Look Sheer Drapery)","3-Fold Tailored","84W-100H inches","—",340,381,
1373594998,"Lamar (Linen Look Sheer Drapery)","3-Fold Tailored","96W-100H inches","—",411,460,
1373594998,"Lamar (Linen Look Sheer Drapery)","3-Fold Tailored","108W-100H inches","—",452,506,
1373594998,"Lamar (Linen Look Sheer Drapery)","3-Fold Tailored","120W-100H inches","—",508,569,
1373594998,"Lamar (Linen Look Sheer Drapery)","3-Fold Tailored","132W-100H inches","—",538,603,
1373594998,"Lamar (Linen Look Sheer Drapery)","3-Fold Tailored","144W-100H inches","—",579,648,
1373594998,"Lamar (Linen Look Sheer Drapery)","3-Fold Tailored","156W-100H inches","—",780,874,
1373594998,"Lamar (Linen Look Sheer Drapery)","3-Fold Tailored","168W-100H inches","—",795,890,
1373594998,"Lamar (Linen Look Sheer Drapery)","3-Fold Tailored","36W-140H inches","—",243,272,ONE-WAY ONLY
1373594998,"Lamar (Linen Look Sheer Drapery)","3-Fold Tailored","48W-140H inches","—",295,330,ONE-WAY ONLY
1373594998,"Lamar (Linen Look Sheer Drapery)","3-Fold Tailored","60W-140H inches","—",368,412,
1373594998,"Lamar (Linen Look Sheer Drapery)","3-Fold Tailored","72W-140H inches","—",487,545,
1373594998,"Lamar (Linen Look Sheer Drapery)","3-Fold Tailored","84W-140H inches","—",487,545,
1373594998,"Lamar (Linen Look Sheer Drapery)","3-Fold Tailored","96W-140H inches","—",590,661,
1373594998,"Lamar (Linen Look Sheer Drapery)","3-Fold Tailored","108W-140H inches","—",590,661,
1373594998,"Lamar (Linen Look Sheer Drapery)","3-Fold Tailored","120W-140H inches","—",737,825,
1373594998,"Lamar (Linen Look Sheer Drapery)","3-Fold Tailored","132W-140H inches","—",737,825,
1373594998,"Lamar (Linen Look Sheer Drapery)","3-Fold Tailored","144W-140H inches","—",855,958,
1373594998,"Lamar (Linen Look Sheer Drapery)","3-Fold Tailored","156W-140H inches","—",855,958,
1373594998,"Lamar (Linen Look Sheer Drapery)","3-Fold Tailored","168W-140H inches","—",1175,1316,
1373594998,"Lamar (Linen Look Sheer Drapery)","2-Fold Tailored","36W-100H inches","—",142,159,ONE-WAY ONLY
1373594998,"Lamar (Linen Look Sheer Drapery)","2-Fold Tailored","48W-100H inches","—",198,222,ONE-WAY ONLY
1373594998,"Lamar (Linen Look Sheer Drapery)","2-Fold Tailored","60W-100H inches","—",226,253,ONE-WAY ONLY
1373594998,"Lamar (Linen Look Sheer Drapery)","2-Fold Tailored","72W-100H inches","—",269,301,
1373594998,"Lamar (Linen Look Sheer Drapery)","2-Fold Tailored","84W-100H inches","—",325,364,
1373594998,"Lamar (Linen Look Sheer Drapery)","2-Fold Tailored","96W-100H inches","—",381,427,
1373594998,"Lamar (Linen Look Sheer Drapery)","2-Fold Tailored","108W-100H inches","—",396,444,
1373594998,"Lamar (Linen Look Sheer Drapery)","2-Fold Tailored","120W-100H inches","—",452,506,
1373594998,"Lamar (Linen Look Sheer Drapery)","2-Fold Tailored","132W-100H inches","—",467,523,
1373594998,"Lamar (Linen Look Sheer Drapery)","2-Fold Tailored","144W-100H inches","—",523,586,
1373594998,"Lamar (Linen Look Sheer Drapery)","2-Fold Tailored","156W-100H inches","—",553,619,
1373594998,"Lamar (Linen Look Sheer Drapery)","2-Fold Tailored","168W-100H inches","—",594,665,
1373594998,"Lamar (Linen Look Sheer Drapery)","2-Fold Tailored","36W-140H inches","—",192,215,ONE-WAY ONLY
1373594998,"Lamar (Linen Look Sheer Drapery)","2-Fold Tailored","48W-140H inches","—",243,272,ONE-WAY ONLY
1373594998,"Lamar (Linen Look Sheer Drapery)","2-Fold Tailored","60W-140H inches","—",295,330,ONE-WAY ONLY
1373594998,"Lamar (Linen Look Sheer Drapery)","2-Fold Tailored","72W-140H inches","—",368,412,
1373594998,"Lamar (Linen Look Sheer Drapery)","2-Fold Tailored","84W-140H inches","—",487,545,
1373594998,"Lamar (Linen Look Sheer Drapery)","2-Fold Tailored","96W-140H inches","—",487,545,
1373594998,"Lamar (Linen Look Sheer Drapery)","2-Fold Tailored","108W-140H inches","—",590,661,
1373594998,"Lamar (Linen Look Sheer Drapery)","2-Fold Tailored","120W-140H inches","—",590,661,
1373594998,"Lamar (Linen Look Sheer Drapery)","2-Fold Tailored","132W-140H inches","—",737,825,
1373594998,"Lamar (Linen Look Sheer Drapery)","2-Fold Tailored","144W-140H inches","—",737,825,
1373594998,"Lamar (Linen Look Sheer Drapery)","2-Fold Tailored","156W-140H inches","—",855,958,
1373594998,"Lamar (Linen Look Sheer Drapery)","2-Fold Tailored","168W-140H inches","—",855,958,
1257735563,"Pearl White Linen Look Sheer","3-Fold Pinch","36W-100H inches","—",156,175,ONE-WAY ONLY
1257735563,"Pearl White Linen Look Sheer","3-Fold Pinch","48W-100H inches","—",195,218,ONE-WAY ONLY
1257735563,"Pearl White Linen Look Sheer","3-Fold Pinch","60W-100H inches","—",234,262,
1257735563,"Pearl White Linen Look Sheer","3-Fold Pinch","72W-100H inches","—",299,335,
1257735563,"Pearl White Linen Look Sheer","3-Fold Pinch","84W-100H inches","—",312,349,
1257735563,"Pearl White Linen Look Sheer","3-Fold Pinch","96W-100H inches","—",377,422,
1257735563,"Pearl White Linen Look Sheer","3-Fold Pinch","108W-100H inches","—",416,466,
1257735563,"Pearl White Linen Look Sheer","3-Fold Pinch","120W-100H inches","—",468,524,
1257735563,"Pearl White Linen Look Sheer","3-Fold Pinch","132W-100H inches","—",494,553,
1257735563,"Pearl White Linen Look Sheer","3-Fold Pinch","144W-100H inches","—",533,597,
1257735563,"Pearl White Linen Look Sheer","3-Fold Pinch","156W-100H inches","—",728,815,
1257735563,"Pearl White Linen Look Sheer","3-Fold Pinch","168W-100H inches","—",741,830,
1257735563,"Pearl White Linen Look Sheer","3-Fold Pinch","36W-140H inches","—",225,252,ONE-WAY ONLY
1257735563,"Pearl White Linen Look Sheer","3-Fold Pinch","48W-140H inches","—",273,306,ONE-WAY ONLY
1257735563,"Pearl White Linen Look Sheer","3-Fold Pinch","60W-140H inches","—",342,383,
1257735563,"Pearl White Linen Look Sheer","3-Fold Pinch","72W-140H inches","—",451,505,
1257735563,"Pearl White Linen Look Sheer","3-Fold Pinch","84W-140H inches","—",451,505,
1257735563,"Pearl White Linen Look Sheer","3-Fold Pinch","96W-140H inches","—",546,612,
1257735563,"Pearl White Linen Look Sheer","3-Fold Pinch","108W-140H inches","—",546,612,
1257735563,"Pearl White Linen Look Sheer","3-Fold Pinch","120W-140H inches","—",685,767,
1257735563,"Pearl White Linen Look Sheer","3-Fold Pinch","132W-140H inches","—",685,767,
1257735563,"Pearl White Linen Look Sheer","3-Fold Pinch","144W-140H inches","—",793,888,
1257735563,"Pearl White Linen Look Sheer","3-Fold Pinch","156W-140H inches","—",793,888,
1257735563,"Pearl White Linen Look Sheer","3-Fold Pinch","168W-140H inches","—",1105,1238,
1257735563,"Pearl White Linen Look Sheer","2-Fold Pinch","36W-100H inches","—",130,146,ONE-WAY ONLY
1257735563,"Pearl White Linen Look Sheer","2-Fold Pinch","48W-100H inches","—",182,204,ONE-WAY ONLY
1257735563,"Pearl White Linen Look Sheer","2-Fold Pinch","60W-100H inches","—",208,233,ONE-WAY ONLY
1257735563,"Pearl White Linen Look Sheer","2-Fold Pinch","72W-100H inches","—",247,277,
1257735563,"Pearl White Linen Look Sheer","2-Fold Pinch","84W-100H inches","—",299,335,
1257735563,"Pearl White Linen Look Sheer","2-Fold Pinch","96W-100H inches","—",351,393,
1257735563,"Pearl White Linen Look Sheer","2-Fold Pinch","108W-100H inches","—",364,408,
1257735563,"Pearl White Linen Look Sheer","2-Fold Pinch","120W-100H inches","—",416,466,
1257735563,"Pearl White Linen Look Sheer","2-Fold Pinch","132W-100H inches","—",429,480,
1257735563,"Pearl White Linen Look Sheer","2-Fold Pinch","144W-100H inches","—",481,539,
1257735563,"Pearl White Linen Look Sheer","2-Fold Pinch","156W-100H inches","—",507,568,
1257735563,"Pearl White Linen Look Sheer","2-Fold Pinch","168W-100H inches","—",546,612,
1257735563,"Pearl White Linen Look Sheer","2-Fold Pinch","36W-140H inches","—",178,199,ONE-WAY ONLY
1257735563,"Pearl White Linen Look Sheer","2-Fold Pinch","48W-140H inches","—",225,252,ONE-WAY ONLY
1257735563,"Pearl White Linen Look Sheer","2-Fold Pinch","60W-140H inches","—",273,306,ONE-WAY ONLY
1257735563,"Pearl White Linen Look Sheer","2-Fold Pinch","72W-140H inches","—",342,383,
1257735563,"Pearl White Linen Look Sheer","2-Fold Pinch","84W-140H inches","—",451,505,
1257735563,"Pearl White Linen Look Sheer","2-Fold Pinch","96W-140H inches","—",451,505,
1257735563,"Pearl White Linen Look Sheer","2-Fold Pinch","108W-140H inches","—",546,612,
1257735563,"Pearl White Linen Look Sheer","2-Fold Pinch","120W-140H inches","—",546,612,
1257735563,"Pearl White Linen Look Sheer","2-Fold Pinch","132W-140H inches","—",685,767,
1257735563,"Pearl White Linen Look Sheer","2-Fold Pinch","144W-140H inches","—",685,767,
1257735563,"Pearl White Linen Look Sheer","2-Fold Pinch","156W-140H inches","—",793,888,
1257735563,"Pearl White Linen Look Sheer","2-Fold Pinch","168W-140H inches","—",793,888,
1257735563,"Pearl White Linen Look Sheer","3-Fold Tailored","36W-100H inches","—",156,175,ONE-WAY ONLY
1257735563,"Pearl White Linen Look Sheer","3-Fold Tailored","48W-100H inches","—",195,218,ONE-WAY ONLY
1257735563,"Pearl White Linen Look Sheer","3-Fold Tailored","60W-100H inches","—",234,262,
1257735563,"Pearl White Linen Look Sheer","3-Fold Tailored","72W-100H inches","—",299,335,
1257735563,"Pearl White Linen Look Sheer","3-Fold Tailored","84W-100H inches","—",312,349,
1257735563,"Pearl White Linen Look Sheer","3-Fold Tailored","96W-100H inches","—",377,422,
1257735563,"Pearl White Linen Look Sheer","3-Fold Tailored","108W-100H inches","—",416,466,
1257735563,"Pearl White Linen Look Sheer","3-Fold Tailored","120W-100H inches","—",468,524,
1257735563,"Pearl White Linen Look Sheer","3-Fold Tailored","132W-100H inches","—",494,553,
1257735563,"Pearl White Linen Look Sheer","3-Fold Tailored","144W-100H inches","—",533,597,
1257735563,"Pearl White Linen Look Sheer","3-Fold Tailored","156W-100H inches","—",728,815,
1257735563,"Pearl White Linen Look Sheer","3-Fold Tailored","168W-100H inches","—",741,830,
1257735563,"Pearl White Linen Look Sheer","3-Fold Tailored","36W-140H inches","—",225,252,ONE-WAY ONLY
1257735563,"Pearl White Linen Look Sheer","3-Fold Tailored","48W-140H inches","—",273,306,ONE-WAY ONLY
1257735563,"Pearl White Linen Look Sheer","3-Fold Tailored","60W-140H inches","—",342,383,
1257735563,"Pearl White Linen Look Sheer","3-Fold Tailored","72W-140H inches","—",451,505,
1257735563,"Pearl White Linen Look Sheer","3-Fold Tailored","84W-140H inches","—",451,505,
1257735563,"Pearl White Linen Look Sheer","3-Fold Tailored","96W-140H inches","—",546,612,
1257735563,"Pearl White Linen Look Sheer","3-Fold Tailored","108W-140H inches","—",546,612,
1257735563,"Pearl White Linen Look Sheer","3-Fold Tailored","120W-140H inches","—",685,767,
1257735563,"Pearl White Linen Look Sheer","3-Fold Tailored","132W-140H inches","—",685,767,
1257735563,"Pearl White Linen Look Sheer","3-Fold Tailored","144W-140H inches","—",793,888,
1257735563,"Pearl White Linen Look Sheer","3-Fold Tailored","156W-140H inches","—",793,888,
1257735563,"Pearl White Linen Look Sheer","3-Fold Tailored","168W-140H inches","—",1105,1238,
1257735563,"Pearl White Linen Look Sheer","2-Fold Tailored","36W-100H inches","—",130,146,ONE-WAY ONLY
1257735563,"Pearl White Linen Look Sheer","2-Fold Tailored","48W-100H inches","—",182,204,ONE-WAY ONLY
1257735563,"Pearl White Linen Look Sheer","2-Fold Tailored","60W-100H inches","—",208,233,ONE-WAY ONLY
1257735563,"Pearl White Linen Look Sheer","2-Fold Tailored","72W-100H inches","—",247,277,
1257735563,"Pearl White Linen Look Sheer","2-Fold Tailored","84W-100H inches","—",299,335,
1257735563,"Pearl White Linen Look Sheer","2-Fold Tailored","96W-100H inches","—",351,393,
1257735563,"Pearl White Linen Look Sheer","2-Fold Tailored","108W-100H inches","—",364,408,
1257735563,"Pearl White Linen Look Sheer","2-Fold Tailored","120W-100H inches","—",416,466,
1257735563,"Pearl White Linen Look Sheer","2-Fold Tailored","132W-100H inches","—",429,480,
1257735563,"Pearl White Linen Look Sheer","2-Fold Tailored","144W-100H inches","—",481,539,
1257735563,"Pearl White Linen Look Sheer","2-Fold Tailored","156W-100H inches","—",507,568,
1257735563,"Pearl White Linen Look Sheer","2-Fold Tailored","168W-100H inches","—",546,612,
1257735563,"Pearl White Linen Look Sheer","2-Fold Tailored","36W-140H inches","—",178,199,ONE-WAY ONLY
1257735563,"Pearl White Linen Look Sheer","2-Fold Tailored","48W-140H inches","—",225,252,ONE-WAY ONLY
1257735563,"Pearl White Linen Look Sheer","2-Fold Tailored","60W-140H inches","—",273,306,ONE-WAY ONLY
1257735563,"Pearl White Linen Look Sheer","2-Fold Tailored","72W-140H inches","—",342,383,
1257735563,"Pearl White Linen Look Sheer","2-Fold Tailored","84W-140H inches","—",451,505,
1257735563,"Pearl White Linen Look Sheer","2-Fold Tailored","96W-140H inches","—",451,505,
1257735563,"Pearl White Linen Look Sheer","2-Fold Tailored","108W-140H inches","—",546,612,
1257735563,"Pearl White Linen Look Sheer","2-Fold Tailored","120W-140H inches","—",546,612,
1257735563,"Pearl White Linen Look Sheer","2-Fold Tailored","132W-140H inches","—",685,767,
1257735563,"Pearl White Linen Look Sheer","2-Fold Tailored","144W-140H inches","—",685,767,
1257735563,"Pearl White Linen Look Sheer","2-Fold Tailored","156W-140H inches","—",793,888,
1257735563,"Pearl White Linen Look Sheer","2-Fold Tailored","168W-140H inches","—",793,888,
