Size,Liner,Price
"36W-100H inches","—",159
"48W-100H inches","—",222
"60W-100H inches","—",253
"72W-100H inches","—",301
"84W-100H inches","—",364
"96W-100H inches","—",427
"108W-100H inches","—",444
"120W-100H inches","—",506
"132W-100H inches","—",523
"144W-100H inches","—",586
"156W-100H inches","—",619
"168W-100H inches","—",665
"36W-140H inches","—",215
"48W-140H inches","—",272
"60W-140H inches","—",330
"72W-140H inches","—",412
"84W-140H inches","—",545
"96W-140H inches","—",545
"108W-140H inches","—",661
"120W-140H inches","—",661
"132W-140H inches","—",825
"144W-140H inches","—",825
"156W-140H inches","—",958
"168W-140H inches","—",958
